{"cameraMode":{"drawMode":0,"name":"Shaded","section":"Shading Mode"},"sceneLighting":true,"audioPlay":false,"sceneViewState":{"showFog":true,"showMaterialUpdate":false,"showSkybox":true,"showFlares":true,"showImageEffects":true,"showParticleSystems":true},"in2DMode":false,"pivot":{"x":1.7312325239181519,"y":0.15909266471862794,"z":5.240929126739502},"rotation":{"x":-0.17557989060878755,"y":-0.09376446902751923,"z":0.016801867634058,"w":-0.9798457622528076},"size":16.37972640991211,"orthographic":false}