{"cameraMode":{"drawMode":0,"name":"Shaded","section":"Shading Mode"},"sceneLighting":true,"audioPlay":false,"sceneViewState":{"showFog":true,"showMaterialUpdate":false,"showSkybox":true,"showFlares":true,"showImageEffects":true,"showParticleSystems":true},"in2DMode":false,"pivot":{"x":8.864896774291993,"y":1.2075324058532715,"z":-0.04039211571216583},"rotation":{"x":-0.03388979658484459,"y":-0.7115626335144043,"z":0.034402381628751758,"w":-0.700961172580719},"size":8.450516700744629,"orthographic":false}